{
  "evaluation_split": "held-out 20%",
  "evaluated_images": 25,
  "dataset": {
    "real": 63,
    "screen": 61
  },
  "accuracy": 0.92,
  "precision": 0.9166666666666666,
  "recall": 0.9166666666666666,
  "f1_score": 0.9166666666666666,
  "confusion_matrix": {
    "tn": 12,
    "fp": 1,
    "fn": 1,
    "tp": 11
  },
  "latency_ms_per_image": 203.85550000122748,
  "cost_per_image_usd": 0.0
}